{
    "482548878_489237389": {
        "status": "verified",
        "remaining_attempts": 2,
        "timestamp": 1742474459.5719726
    },
    "3249474653_489237389": {
        "status": "pending",
        "remaining_attempts": 3,
        "timestamp": 1742474419.9836307
    },
    "2334515926_273882385": {
        "status": "verified",
        "remaining_attempts": 3,
        "timestamp": 1742474889.6131706
    },
    "3314380165_497554955": {
        "status": "verified",
        "remaining_attempts": 3,
        "timestamp": 1742475255.5066466
    },
    "192391763_273882385": {
        "status": "verified",
        "remaining_attempts": 2,
        "timestamp": 1742476806.6557474
    }
}