{
    "482548878_709209784": {
        "status": "failed",
        "remaining_attempts": -1,
        "timestamp": 1742479328.8901546
    },
    "1512624649_489237389": {
        "status": "verified",
        "remaining_attempts": 3,
        "timestamp": 1742538211.3267188
    },
    "1301964694_489237389": {
        "status": "verified",
        "remaining_attempts": 3,
        "timestamp": 1742538448.6894631
    },
    "3249474653_489237389": {
        "status": "verified",
        "remaining_attempts": 1,
        "timestamp": 1742546759.7600644
    },
    "3623789680_497554955": {
        "status": "verified",
        "remaining_attempts": 3,
        "timestamp": 1742548971.2586534
    },
    "3450175182_489237389": {
        "status": "verified",
        "remaining_attempts": 3,
        "timestamp": 1742651573.3717635
    }
}