{
    "482548878_489237389": {
        "expression": "10 - 6 * 2",
        "answer": 8,
        "timestamp": 1742474459.0667
    },
    "3249474653_489237389": {
        "expression": "(6 + 18) + 6",
        "answer": 30,
        "timestamp": 1742474419.4795024
    },
    "2334515926_273882385": {
        "expression": "(11 - 8) * 7",
        "answer": 21,
        "timestamp": 1742474889.0460517
    },
    "3314380165_497554955": {
        "expression": "2 + 33",
        "answer": 35,
        "timestamp": 1742475255.0020578
    },
    "192391763_273882385": {
        "expression": "(2 * 2) * 6",
        "answer": -2,
        "timestamp": 1742476806.1504219
    }
}