{
    "482548878_709209784": {
        "expression": "29 - 17",
        "answer": 12,
        "timestamp": 1742479328.3811517
    },
    "1512624649_489237389": {
        "expression": "20 + 14",
        "answer": 34,
        "timestamp": 1742538210.8226206
    },
    "1301964694_489237389": {
        "expression": "12 + 6",
        "answer": 18,
        "timestamp": 1742538448.1845448
    },
    "3249474653_489237389": {
        "expression": "17 + 38",
        "answer": 55,
        "timestamp": 1742546759.2573538
    },
    "3623789680_497554955": {
        "expression": "95 - 51",
        "answer": 44,
        "timestamp": 1742548970.7460382
    },
    "3450175182_489237389": {
        "expression": "8 / 8",
        "answer": 1.0,
        "timestamp": 1742651572.86509
    }
}